artist_name,genre,confidence,suggestion_if_blank,source,evidence
Ravenrapid,functional,medium,,https://lofilosers.bandcamp.com/album/departures-vol-4,Appears on a Lofi Losers lo-fi compilation; confirm with the listener
Toonorth,functional; hip-hop,high,,https://chillhop.com/artists/194-toonorth/,Chillhop Music artist (lo-fi label)
melvitto,afrobeats; r&b,high,,https://africanmusiclibrary.org/artist/Melvitto,"Nigerian-American, Afrobeats/R&B"
Luwa.Mp4,alte; hip-hop; rock,high,,https://thenativemag.com/best-new-music-luwa-mp4-lays-bare-the-anxieties-of-a-non-conformist-lifestyle-on-peep-my-ride/,"NATIVE: Lagos artist fusing punk, Afropop, hyperpop, rap"
Txmmyily,afrobeats,medium,,https://thenativemag.com/milly-is-a-testament-to-txmmyilys-evolution/,NATIVE describes his sound as Afropop
S1orDie,alte; hip-hop; r&b,medium,,https://thenativemag.com/under-best-new-artists-march-2026/,"NATIVE: trap, R&B and alté"
The Cavemen.,highlife,high,,,Well-known Nigerian highlife duo (general knowledge)
Lokowat,kuduro,medium,,https://ra.co/events/2036956,Plays Príncipe Discos (Lisbon kuduro/batida) events
Zamir,alte,medium,,https://music.apple.com/us/artist/zamir/1316948906,"Works with Odunsi, Cruel Santino, Prettyboy D-O"
Gabzy,afrobeats,high,,https://culturecustodian.com/gabzy-the-afrofusion-prodigy/,British-Nigerian Afrofusion artist
808Charmer,hip-hop,medium,,https://grmdaily.com/808charmer-balance-audio/,"UK rap scene (GRM Daily, 808INK)"
Yarden,afrobeats,high,,https://en.wikipedia.org/wiki/Yarden_(singer),Wikipedia: Nigerian Afrobeats singer
Tochi Bedford,alte; hip-hop,high,,https://thenativemag.com/native-selects-davido-tochi-bedford/,NATIVE: Nigerian alternative musician
ARTSALGHUL,amapiano,high,,https://www.pandora.com/artist/artsalghul/amapiano-baddies/amapiano-baddies/TRcdp6cPPt9X9tq,Amapiano releases
Efosa,afrobeats; hip-hop; pop,medium,,https://www.viberate.com/artist/efosa/,London-based Afrobeats fusion
Santaklara,afrobeats,medium,,https://www.manitobamusic.com/santaklara,'Alternative Afrobeats' / Afrofusion
Blacboyy,alte; r&b; hip-hop,medium,,https://en.everybodywiki.com/Blacboyy,"Lagos-born; R&B, hip-hop, punk fusion"
Egertton,alte,medium,,https://thenativemag.com/best-new-music-egertton-is-channelling-ancestral-rage-on-obiokhan/,NATIVE feature; on 'Alté Cruise' playlist
Joeboy,afrobeats,high,,,Mainstream Nigerian Afrobeats star (general knowledge); Last.fm tags are another Joeboy's
Palpal,,low,hip-hop,,No information found
Cali-Ber Tha Grime,hip-hop; afrobeats,medium,,https://soundbetter.com/profiles/509209-cali-ber-tha-grime,"Abuja producer/artist: hip-hop, drill, trap"
Hermez,,low,alte,https://thereplaymag.com/2022/10/14/hermez-lucid-cruise-2-0-ft-tim-lyre/,"Lagos-raised, genre-blending; features Tim Lyre"
Kobilou,afrobeats,medium,,https://en.wikipedia.org/wiki/Mavo_(musician),Nigerian singer; joint EP with Mavo
Kida Kudz,afrobeats,high,,https://en.wikipedia.org/wiki/Kida_Kudz,Wikipedia: Nigerian-British afroswing/afrobeats
pa1n,hip-hop,medium,,https://music.apple.com/gh/artist/pa1n/1625156627,Apple Music: Hip-Hop/Rap (Ghana)
Dean Blunt,indie; folk,medium,,https://en.wikipedia.org/wiki/100_(Dean_Blunt_song),Wikipedia: '100' is pop / folk rock
King Nonso Duke,,low,afrobeats,,No reliable source found
Phaemous,afrobeats,high,,https://thenativemag.com/songs-of-the-day-made-kuti-phaemous/,NATIVE: 'GBEDU' is mid-tempo Afropop
scottyolorin,alte; hip-hop; afrobeats,medium,,https://thenativemag.com/best-new-music-scotty-olorin-is-ready-to-risk-it-all-on-deela/,NATIVE: experimental Nigerian underground
GJtheCaesar,hip-hop,medium,,https://audiomack.com/gjthecaesar/song/fujirapriddim,Nigerian fuji-rap
Maradona,amapiano; afrobeats,high,,https://music.apple.com/ng/artist/maradona-xyz/1777090315,"Maradona XYZ, 'Marapiano' (Apple Music lists Afrobeats)"
Black Cat,hip-hop,medium,,https://events.musicofourdesire.com/artist/black-cat,French rapper; 'Lausanne' played on Planète Rap
UAX,r&b,high,,https://music.apple.com/us/song/lagos-2-crazy-feat-tmxo/1736661050,"Apple Music: R&B/Soul, Lagos-born"
DJ Neptune,afrobeats,high,,https://en.wikipedia.org/wiki/DJ_Neptune,Wikipedia: Nigerian Afrobeats DJ/producer
NO11,amapiano; afrobeats,medium,,https://guardian.ng/life/n0-11-rise-of-afrobeats-pop-contender/,Guardian NG: 'How Far' is Amapiano-heavy
Weyes Blood,folk; pop,high,,https://en.wikipedia.org/wiki/Weyes_Blood,Wikipedia: psychedelic folk / chamber pop
00ab,alte; afro house; amapiano; hip-hop,medium,,https://sxswlondon.com/music-artists/00ab-a394e83e,Genre-fluid afro house / amapiano / alt-rap
MÖRDA,afro house,medium,,https://mixmag.net/feature/3-step-afro-house-artists-interview-africa-breaking-boundaries,Mixmag: 3-step / afro house scene
Sugi.wa,functional,high,,https://chillhop.bandcamp.com/track/after-dark-2,Released on Chillhop Music (lo-fi)
Dj Yk Mule,afrobeats,high,,https://thenativemag.com/nigerias-trenchtok-community-is-charting-the-rise-of-mara/,NATIVE: 'Mara' is an Afrobeats subgenre
SSSoundGawd,afrobeats,medium,,https://rollingstoneafrica.com/music/music-features/joshua-baraka-the-pride-of-uganda/,"'Hey Mama' with Afrobeats acts Joshua Baraka, Mavo"
Brotherkupa,hip-hop,high,,https://www.okayafrica.com/meet-the-underground-artists-redefining-southern-africas-music-scene/1413199,OkayAfrica: South African underground rapper
Lamar Azul,functional,high,,https://pueblo-vista.com/lamar-azul-islands/,Lo-fi chill beats label releases
Isaiah Falls,r&b,high,,https://www.billboard.com/music/rb-hip-hop/isaiah-falls-florida-baby-september-rb-hip-hop-rookie-the-month-1235783777/,Billboard: R&B singer
5EB,hip-hop,high,,https://nijimagazine.com/2020/05/emerging-uk-rap-artist-5eb-talks-musical-highlights-collaborations-future-plans-and-his-latest-release-highbernation/,Emerging UK rap artist
CupidSZN,afrobeats,high,,https://www.thehypemagazine.com/2026/01/03/cupidszn-interview/,Mavin Records Afrobeats artist
Finessekid,hip-hop,high,,https://www.complex.com/music/a/joseph-jp-patterson/25-uk-rappers-to-watch-in-2025,Complex: UK rappers to watch
Chop Daily,afrobeats,medium,,https://www.crateshub.com/ghana-music/chop-daily-my-touch-ft-eugy.html,"Ghanaian producer collective, afropop"
Nitefreak,afro house,high,,https://www.beatport.com/release/wherever-you-are/5385865,"Beatport: Afroholic Records, afro house"
Arcade Player,soundtrack,high,,https://www.shazam.com/song/1579987898/coconut-mall-from-mario-kart-wii,Video-game music covers
Wondamagik,functional; afrobeats,medium,,https://chillhop.com/artists/13124-wondamagik/,Nigerian producer on Chillhop Music; also Afrobeats production
DRB Lasgidi,afrobeats; alte,high,,https://en.wikipedia.org/wiki/DRB_LasGidi,"Wikipedia: Afrobeats, Alté"
dndSection,hip-hop; afrobeats,medium,,https://respect-mag.com/2020/05/dndsection-continues-to-redefine-nigerian-sound-on-new-darling-single/,Nigerian-American rapper mixing hip-hop and afropop
Mut4y,afrobeats,high,,https://soundcloud.com/starboymusic/manya-ft-wizkid,'Manya' ft Wizkid on Starboy
AfroSelecta-BBK,afrobeats; hip-hop,medium,,https://www.pulse.ng/story/afroselecta-bbk-odumodublvk-and-cmg-tade-the-afro-drill-experiment-ep-review-2024081801495177900,Afro Drill Experiment EP with Odumodublvck
KTIZO,afrobeats,medium,,https://open.spotify.com/track/19WpswuyqY3PCBkdGDHvVD,On Victony's afropop hit 'Jolene'
Kvng Vinci,amapiano,high,,https://audiomack.com/kvngvinci/song/hausapiano-1,'Hausapiano' (Nigerian amapiano)
Teezee,alte; hip-hop,high,,https://music.apple.com/ng/song/vex-feat-candy-bleakz-teezee-odumodublvck/1669342903,Nigerian Teezee (DRB LasGidi); Last.fm tags are a Dutch Teezee's
AYTheMVP,,low,afrobeats,,No reliable source found
Soundz,afrobeats; r&b,high,,https://en.wikipedia.org/wiki/Soundz_(singer),Wikipedia: Afropop and R&B; Last.fm tags are another Soundz's
Zlatan,afrobeats; hip-hop,high,,https://en.wikipedia.org/wiki/Zlatan_(musician),Nigerian street-pop/Zanku rapper
Kashcoming,afrobeats,medium,,https://music.apple.com/ug/artist/kashcoming/1478828145,Apple Music: Afrobeats
KDDO,afrobeats; amapiano,high,,https://okayafrica.com/kddo-kiddominant-south-afrobeats-interview,Kiddominant's 'South Afrobeats' (afrobeats + amapiano)
B4M,afrobeats,medium,,https://music.apple.com/us/artist/b4m/1696663444,Apple Music: Afrobeats
Gwamz,afrobeats,high,,https://en.wikipedia.org/wiki/Afroswing,UK-Nigerian afroswing
Monaky,afrobeats,high,,https://ghanamusic.com/african-music/2025/05/16/monakys-chandelier-official-video-illuminates-his-artistic-vision/,Nigerian Afrobeats singer
dayo,afrobeats,medium,,https://en.wikipedia.org/wiki/Mavo_(musician),Works with Mavo's Afrobeats circle
Subaru Live Radio,alte; afrobeats,medium,,https://tooxclusive.com/songs/subaru-live-radio-ft-cruel-santino-ravington-t6lu-gates-of-heaven/,Cruel Santino's alté collective
Ch'cco,amapiano,high,,https://www.musicinafrica.net/directory/chcco,Soweto amapiano vocalist
KRL Soundz,afrobeats,medium,,https://topcray.com.ng/music/krl-soundz-kilobizzy-immortal-ft-mavo/,"Nigerian Afrobeats scene, works with Mavo"
Zino Milly,,low,electronic,https://music.apple.com/us/song/get-down-low/1826969558,Conflicting platform tags; no bio found
Son of Ika,afrobeats,medium,,https://www.viberate.com/artist/son-of-ika/,"Lagos artist, Afrobeat fusion"
Basketmouth,afrobeats,high,,https://audiomack.com/basketmouth/song/your-body-feat-bnxn,Comedian's afropop single with Bnxn
Mbrown,afrobeats; r&b,medium,,https://guap.co/on-our-radar-mbrown-mbrownofficial/,South-East London 'Afro-R&B'
Bankyondbeatz,afrobeats; alte,medium,,https://www.viberate.com/artist/bankyondbeatz/,"Lagos producer: Afrobeat, Alté"
Macabre Plaza,,low,electronic,https://www.lemon8-app.com/@windotszn/7466953518184776238?region=us,Internet remix scene; unclear
Odetari,hip-hop; electronic,high,,https://en.wikipedia.org/wiki/Odetari,"Wikipedia: hip-hop, EDM, trap"
Igwe Aka,hip-hop; afrobeats,medium,,https://thenativemag.com/igwe-aka-is-leaning-into-legacy-on-egonomics/,NATIVE: Igbo rap with afropop
Tim Duzit,hip-hop,medium,,https://www.viberate.com/artist/tim-duzit/,UK hip-hop
Fbeatz,,low,afrobeats; amapiano,https://www.beatport.com/artist/fbeatz/1239751/releases,"Lagos producer; street remix, unconfirmed"
ST3V OR STUNNA,hip-hop,medium,,https://music.apple.com/us/artist/st3v-or-stunna/1767192993,Apple Music: Hip-Hop/Rap
Lofi Losers,functional,medium,,https://lofilosers.bandcamp.com/album/departures-vol-4,Lo-fi compilation project
Siraheem,,low,hip-hop,https://culturecustodian.com/wavestars-diss-against-siraheem-taps-the-collective-disaffection-of-the-youth/,Nigerian rap context only
Blaize Jenkins,rock; indie,high,,https://www.wweek.com/music/2025/05/06/blaize-jenkins-knows-a-music-career-means-more-than-views-and-streams/,'Settled into making indie rock'
FāëM,electronic,high,,https://faemmusic.bandcamp.com/,Ikeja-based electronic duo
Riipper,,low,hip-hop,https://music.apple.com/us/artist/riipper/1434988234,Same-name artist; track unconfirmed
GIOVANNA,r&b; pop,medium,,https://events.musicofourdesire.com/artist/giovanna-2,Alternative R&B artist
Bigtimzzz,afrobeats,medium,,https://music.apple.com/cg/artist/bigtimzzz/1712500504,Apple Music: Afrobeats
Kairo Keyz,uk drill; hip-hop,high,,https://www.dazeddigital.com/music/article/68426/1/new-jazz-kairo-keyz-us-trap-uk-drill-debut-ep-interview-croydon-rapper-2025,"Dazed: US trap and UK drill, Croydon"
Ryan De La Cruz,grime; r&b; afrobeats,high,,https://en.wikipedia.org/wiki/Ryan_De_La_Cruz,"Wikipedia: grime, R&B, Afrobeats"
ShaunMusiq & Ftears,amapiano,high,,https://gagasiworld.co.za/daliwonga-myztro-xduppy-howa-you-ft-shaunmusiq-ftears-out-now/,South African amapiano duo
Zen Univrse,hip-hop; afrobeats,medium,,https://thenativemag.com/under-best-new-artists-march-2026/,NATIVE: hip-hop with afropop
Celeste,r&b; jazz; pop,high,,https://en.wikipedia.org/wiki/Celeste_(singer),British soul singer; Last.fm tags are a screamo band's
Gimba,afrobeats; r&b,high,,https://guardian.ng/life/gimba-afrobeats-new-rising-voice-of-unity/,Guardian NG: Afrobeats with soul/R&B
K1 De Ultimate,fuji; house,high,,https://en.wikipedia.org/wiki/K1_De_Ultimate,Fuji legend; 'Fuji-House' track
Gibran Alcocer,classical; functional,medium,,https://critic.thhsclassic.com/2018/music/the-ideas-of-gibran-alcocer/,"Instrumental piano, used as study music"
фрози,hip-hop,medium,,https://findyoursounds.com/ukrainian-producer-%D1%84%D1%80%D0%BE%D0%B7%D0%B8-frozy-launches-his-debut-on-ultra-records-with-the-release-of-shake/,Ukrainian pluggnb producer
Magixx,afrobeats,high,,https://en.wikipedia.org/wiki/Magixx_(singer),"Wikipedia: Mavin, afro-fusion"
Hannymoon,hip-hop,medium,,https://www.last.fm/music/HANNYMOON,Plugg (rap)
Killertunes,afrobeats; hip-hop,high,,https://en.wikipedia.org/wiki/Killertunes,Wikipedia: Nigerian Afrobeats producer
kamalsongs,afrobeats,high,,https://audiomack.com/kamalsongs,"Audiomack: Lagos, Afrosounds"
$plashious,hip-hop,medium,,https://music.apple.com/us/artist/%24plashious/1438319308,Apple Music: Hip-Hop
Bolaryn,hip-hop,high,,https://audiomack.com/bolaryn,"Audiomack: Abuja, Hip-Hop/Rap"
Len Lucci,,low,hip-hop,,No genre found; rap-scene guess
GE3Z,hip-hop,high,,https://www.shazam.com/artist/ge3z/1595432907,"Shazam: Hip-Hop/Rap, US"
The Real Prechly,amapiano,high,,https://iol.co.za/entertainment/music/local/2024-03-10-artist-spotlight-the-real-prechly-shaking-the-dj-decks-with-her-talent/,Pretoria amapiano DJ/producer
Dunsin Oyekan,gospel,high,,https://gospelhotspot.net/dunsin-oyekan-if-all-i-say-is-jesus/,Nigerian worship minister
Drumetic Boyz,afro house,high,,https://www.beatport.com/track/ntsako/20984395,Beatport: Afro House
Mr Pilato,amapiano,high,,https://www.amapiano.co/za/mr-pilato-ego-slimflow-tebogo-g-mashego-biri-marung-ft-sje-konka-focalistic-dj-maphorisa-scotts-maphuma/,"With Focalistic, DJ Maphorisa"
Sholz,afro house; house,medium,,https://thenativemag.com/how-dj-sholz-soundtracked-nigerian-modernism-at-tate-modern/,Lagos DJ; Afro-house
Danpapa GTA,afrobeats; hip-hop,medium,,https://afromixx.com/danpapa-gta-one-voice-from-lagos-underground-surge/,Lagos: Afrobeats and hip-hop
SCHWVFTY,,low,hip-hop,,Slowed/phonk-style edit; unconfirmed
Magic System,soukous,medium,,https://en.wikipedia.org/wiki/Magic_System,Ivorian zouglou/coupé-décalé (closest: soukous)
JAMO BEATZ,hip-hop,medium,,https://music.apple.com/us/artist/jamo-beatz/1702550785,Apple Music: Hip-Hop/Rap
255,afrobeats,high,,https://imullar.com/2025/11/27/the-trinity-of-255-brothers-beats-and-a-new-afro-fusion-sound/,Afrobeats/Afro-fusion trio
Lodù,r&b; alte,medium,,https://guardian.ng/art/lodu-cements-her-place-among-afro-souls-standout-voices-with-debut-ep-wine-honey/,Guardian NG: Afro-soul / Afro-fusion
Solo B,r&b,medium,,https://music.apple.com/gb/song/s-b-u-o-g/1844845990,Apple Music: R&B/Soul
Khalil Harrison,amapiano,high,,https://audiomack.com/khalilharrison/song/jealousy,South African amapiano
Adhnok,alte,medium,,https://medium.com/@hipsterlagos/adhnok-is-becoming-everything-at-once-f2642969f0d6,'Prominent personality on the alté scene'
Larry Gaaga,afrobeats; hip-hop; r&b,high,,https://en.wikipedia.org/wiki/Larry_Gaaga,"Wikipedia: pop, R&B, afropop, African hip hop"
Mc Pogba,brazilian funk,high,,https://soundcloud.com/troxowyy/ela-joga-na-hora-mc-pogba,Brazilian funk automotivo
OSÁ,afrobeats; afro house,medium,,https://www.deedsmag.com/stories/first-listen-osa-roll-bounce,"Nigerian-American Afrobeat, afro-house elements"
Trill Tega,hip-hop,high,,https://thenativemag.com/trill-tega-psycho-yp-collaborate-new-single-last-night/,NATIVE: Nigerian trap rapper
Bigg Bobbyy,hip-hop,medium,,https://music.apple.com/us/artist/bigg-bobbyy/1594273540,Apple Music: Hip-Hop/Rap
DJ Tarico,amapiano; afro house,high,,https://en.wikipedia.org/wiki/DJ_Tarico,Mozambican; 'Yaba Buluku' amapiano hit
Fally Ipupa,soukous,high,,https://en.wikipedia.org/wiki/Fally_Ipupa,Congolese rumba / soukous
Small Doctor,fuji; afrobeats,high,,https://en.wikipedia.org/wiki/Small_Doctor,"Wikipedia: Fuji, afro-pop"
MexikoDro,hip-hop,high,,https://itshiphopmusic.com/mexikodro-loser-single-review/,US plugg rap pioneer
boistory,alte; r&b,medium,,https://notjustok.com/songs/boistory-bebe-cinnamon/,With alté pioneer Odunsi; afro-R&B
Remi Soul,r&b,medium,,,London neo-soul / R&B (TikTok bio only)
Madmelon,dancehall,medium,,https://www.worldvibez.com/mad-melon-mountain-black-danfo-driver-ragga/,Nigerian ragga duo ('Danfo Driver')
So Supa,hip-hop,high,,https://www.shazam.com/en-us/artist/so-supa/1521271566,Shazam: Hip-Hop/Rap
Suono Sai,afrobeats,medium,,https://www.shazam.com/en-us/artist/suono-sai/1577902725,Shazam: Afro-Pop; with Victony
sped up nightcore,,low,hip-hop,,"Sped-up edits account, not a real artist"
Brysco,dancehall,high,,https://www.dancehallmag.com/artists/brysco,Jamaican dancehall
Fostijs,hip-hop,medium,,https://music.apple.com/us/song/drugs-heal-pain/1836360954,Apple Music: Hip-Hop/Rap
Raytheboffin,alte; r&b; hip-hop,medium,,https://thenativemag.com/raytheboffin-under-spotlight/,"NATIVE: Lagos alté, R&B, hip-hop"
Ethel,pop; r&b,high,,https://shemakesmusic.co.uk/new-music/ethel-releases-new-single-availability/,UK pop/R&B; Last.fm tags are a string quartet's
The Him,house; electronic; pop,high,,https://en.wikipedia.org/wiki/The_Him,Dutch EDM / future house
J'odie,afrobeats; pop,high,,https://www.vanguardngr.com/2012/06/i-dont-know-kuchi-kuchi-would-blow-jodie/,Nigerian pop hit 'Kuchi Kuchi'
Ahmad Anonimis,hip-hop,high,,https://music.apple.com/us/artist/ahmad-anonimis/1460509791,Apple Music: Hip-Hop/Rap
Charlie Mase,afrobeats; amapiano; hip-hop,high,,https://grmdaily.com/charlie-mase-hoil/,"GRM: melodic rapper, amapiano and afroswing"
Axwell /\ Ingrosso,house; electronic; pop,high,,https://en.wikipedia.org/wiki/Axwell_%26_Ingrosso,Swedish EDM duo
John + Jane Q. Public,rock; indie,medium,,https://rateyourmusic.com/release/single/john-jane-q-public/dinner-in-america-soundtrack/,"Film band, slacker rock"
Osas,afrobeats,high,,https://www.shazam.com/en-us/song/1725395235/on-the-line,Shazam: Afro-Pop
D.H,,low,hip-hop,,Artist not identified
Reeplay,hip-hop,high,,https://audiomack.com/reeplay-007,"Audiomack: Abuja, Hip-Hop/Rap"
DJ FiiFii,afrobeats,high,,https://music.apple.com/us/artist/dj-fiifii/1594577284,"Apple Music: Afro-Pop, Ghanaian"
JEMS!,r&b,medium,,https://www.oculate.uk/archives/jems-creepin,Soulful R&B single
Fatboibari,hip-hop,high,,https://music.apple.com/us/album/moonlight-shawty-single/1601345169,Apple Music: Hip-Hop/Rap
