artist_name,lastfm_name,lastfm_listeners,lastfm_tags,genre,status
Baba Tade,Baba Tade,218293,south african; r&b; female vocalists,r&b,ok
Bafu,Bafu,6048259,british; uk drill; seen live,uk drill,ok
Bajino Nomi,Bajino Nomi,2041251,seen live; pop; male vocalists,pop,ok
Balabo,Balabo,712604,female vocalists; gqom; south african,gqom,ok
Balamo,Balamo,47774,british; alte; female vocalists,alte,ok
Bamode,Bamode,295658,uk garage; female vocalists; male vocalists,uk garage,ok
Bane,Bane,137833,amapiano; south african; seen live,amapiano,ok
Banela,Banela,463109,nigerian; uk garage; south african,uk garage,ok
Bari Sound,Bari Sound,57716,2-step; nigerian; seen live,uk garage,ok
Bari Zefu,Bari Zefu,3716,afrohouse; male vocalists; south african,afro house,ok
Baro,Baro,692169,seen live; house; nigerian,house,ok
Basiji Moya,Basiji Moya,151696,afro house; female vocalists; male vocalists,afro house,ok
Bave,Bave,155438,alte; nigerian; south african,alte,ok
Bave Sabo,Bave Sabo,35621,british; gqom; female vocalists,gqom,ok
Bave Tibo,Bave Tibo,108093,alte; male vocalists; seen live,alte,ok
Baya Sound,Baya Sound,726350,2-step; nigerian; seen live,uk garage,ok
Bayata Yano,Bayata Yano,581270,rnb; nigerian; seen live,r&b,ok
Bazolu Luze,Bazolu Luze,132826,female vocalists; alte; seen live,alte,ok
Bodeba Kaji,Bodeba Kaji,59286,afro house; male vocalists; british,afro house,ok
Bodesa Rone,Bodesa Rone,1165346,house; british; male vocalists,house,ok
Boji,Boji,1300979,afrobeats; british; male vocalists,afrobeats,ok
Bokuti Twins,Bokuti Twins,373366,uk drill; seen live; nigerian,uk drill,ok
Bolami Tize,Bolami Tize,264985,amapiano; female vocalists; seen live,amapiano,ok
Bolano Collective,Bolano Collective,606681,pop; female vocalists; british,pop,ok
Bolu,Bolu,121009,amapiano; male vocalists; british,amapiano,ok
Bolu Twins,Bolu Twins,109218,deep house; nigerian; seen live,house,ok
Bomi Sane,Bomi Sane,56644,nigerian; alte; male vocalists,alte,ok
Bona Collective,Bona Collective,79709,gqom; seen live; male vocalists,gqom,ok
Bono,Bono,624864,hip-hop; south african; nigerian,hip-hop,ok
Borize Bade,Borize Bade,207300,drill; nigerian; british,uk drill,ok
Boro,Boro,31542,amapiano; nigerian; male vocalists,amapiano,ok
Bosa,Bosa,35097,deep house; south african; british,house,ok
Boti,Boti,35329,gqom; male vocalists; female vocalists,gqom,ok
Boveze,Boveze,230528,seen live; hip-hop; female vocalists,hip-hop,ok
DJ Baba,DJ Baba,62532,house; seen live; nigerian,house,ok
DJ Bafu,DJ Bafu,70086,male vocalists; afropop; female vocalists,afrobeats,ok
DJ Bamo,DJ Bamo,3920,seen live; alte; british,alte,ok
DJ Bata,DJ Bata,470852,uk garage; seen live; south african,uk garage,ok
DJ Bazo,,,,,not_found
DJ Bobamo,DJ Bobamo,701399,r&b; british; male vocalists,r&b,ok
DJ Bobo,DJ Bobo,1545,afro house; seen live; british,afro house,ok
DJ Boboji,DJ Boboji,76471,seen live; uk drill; british,uk drill,ok
DJ Boji,DJ Boji,14828763,drill; south african; seen live,uk drill,ok
DJ Boku,DJ Boku,311635,afro house; nigerian; south african,afro house,ok
DJ Bosafu,DJ Bosafu,7159504,rap; nigerian; male vocalists,hip-hop,ok
DJ Dezo,DJ Dezo,566498,seen live; house; nigerian,house,ok
DJ Fubo,DJ Fubo,1481411,pop; british; south african,pop,ok
DJ Fuboze,DJ Fuboze,233251,r&b; nigerian; south african,r&b,ok
DJ Fufuji,DJ Fufuji,218177,female vocalists; house; south african,house,ok
DJ Fumofu,DJ Fumofu,12976,afrohouse; south african; nigerian,afro house,ok
DJ Funeze,DJ Funeze,2997,alte; male vocalists; nigerian,alte,ok
DJ Funo,DJ Funo,3830946,r&b; south african; male vocalists,r&b,ok
DJ Futa,DJ Futa,146448,afro house; female vocalists; british,afro house,ok
DJ Jiro,DJ Jiro,79148,uk funky; nigerian; female vocalists,uk funky,ok
DJ Jize,DJ Jize,6891,uk funky; female vocalists; south african,uk funky,ok
DJ Kabasa,DJ Kabasa,379543,afropop; nigerian; seen live,afrobeats,ok
DJ Kaka,DJ Kaka,652177,pop; female vocalists; seen live,pop,ok
DJ Kalano,DJ Kalano,117958,afrobeats; nigerian; british,afrobeats,ok
DJ Kanoba,DJ Kanoba,4630862,rap; south african; female vocalists,hip-hop,ok
DJ Kazeji,DJ Kazeji,148715,male vocalists; drill; south african,uk drill,ok
DJ Kuluya,DJ Kuluya,2579430,rnb; female vocalists; south african,r&b,ok
DJ Kusati,DJ Kusati,423737,british; uk funky; female vocalists,uk funky,ok
DJ Lazo,DJ Lazo,265307,r&b; british; south african,r&b,ok
DJ Luneve,DJ Luneve,1131927,uk drill; male vocalists; british,uk drill,ok
DJ Luro,,,,,not_found
DJ Luti,DJ Luti,1120816,pop; south african; nigerian,pop,ok
DJ Luveri,DJ Luveri,841694,pop; south african; male vocalists,pop,ok
DJ Luzeti,DJ Luzeti,792344,deep house; seen live; male vocalists,house,ok
DJ Luzeya,DJ Luzeya,276192,afrohouse; nigerian; female vocalists,afro house,ok
DJ Mibaze,DJ Mibaze,161764,nigerian; amapiano; british,amapiano,ok
DJ Mide,DJ Mide,595776,r&b; british; seen live,r&b,ok
DJ Mifu,,,,,not_found
DJ Mika,DJ Mika,31401,afrohouse; british; male vocalists,afro house,ok
DJ Miku,DJ Miku,447104,rap; male vocalists; south african,hip-hop,ok
DJ Milumo,DJ Milumo,127551,amapiano; british; female vocalists,amapiano,ok
DJ Moze,DJ Moze,308597,amapiano; male vocalists; british,amapiano,ok
DJ Nalu,DJ Nalu,179441,gqom; south african; nigerian,gqom,ok
DJ Nalude,DJ Nalude,14708,gqom; british; nigerian,gqom,ok
DJ Namino,DJ Namino,25948012,seen live; r&b; south african,r&b,ok
DJ Nane,DJ Nane,175298,seen live; uk funky; female vocalists,uk funky,ok
DJ Narofu,DJ Narofu,452012,2-step; seen live; nigerian,uk garage,ok
DJ Nata,DJ Nata,168474,uk garage; nigerian; british,uk garage,ok
DJ Nayaba,DJ Nayaba,210453,alte; seen live; nigerian,alte,ok
DJ Neba,,,,,not_found
DJ Nena,DJ Nena,153167,2-step; male vocalists; female vocalists,uk garage,ok
DJ Nesa,DJ Nesa,486896,uk garage; british; female vocalists,uk garage,ok
DJ Nesina,DJ Nesina,51468,deep house; nigerian; seen live,house,ok
DJ Nezemi,DJ Nezemi,28172,afro house; south african; seen live,afro house,ok
DJ Nolafu,,,,,not_found
DJ Nona,DJ Nona,40599,uk garage; female vocalists; british,uk garage,ok
DJ Nonozo,DJ Nonozo,5451419,male vocalists; r&b; british,r&b,ok
DJ Nosive,DJ Nosive,70701,nigerian; alte; british,alte,ok
DJ Noti,DJ Noti,390405,gqom; seen live; south african,gqom,ok
DJ Notisa,DJ Notisa,116469,afrobeat; seen live; female vocalists,afrobeats,ok
DJ Rimi,DJ Rimi,6909,afro house; male vocalists; seen live,afro house,ok
DJ Rimo,DJ Rimo,2425706,uk garage; male vocalists; british,uk garage,ok
DJ Rinaka,DJ Rinaka,324540,afrobeat; seen live; nigerian,afrobeats,ok
DJ Rita,DJ Rita,780071,afrobeats; nigerian; south african,afrobeats,ok
DJ Rizo,DJ Rizo,111331,british; deep house; south african,house,ok
DJ Rojiya,DJ Rojiya,878738,male vocalists; 2-step; south african,uk garage,ok
DJ Rolana,DJ Rolana,661921,2-step; seen live; nigerian,uk garage,ok
DJ Ronafu,DJ Ronafu,126826,house; south african; male vocalists,house,ok
DJ Ronoka,DJ Ronoka,621117,2-step; seen live; british,uk garage,ok
DJ Saji,DJ Saji,226705,afrobeats; male vocalists; south african,afrobeats,ok
DJ Sakuba,DJ Sakuba,113536,gqom; british; nigerian,gqom,ok
DJ Salave,DJ Salave,1846673,afrobeats; british; male vocalists,afrobeats,ok
DJ Sanoka,DJ Sanoka,456851,male vocalists; pop; female vocalists,pop,ok
DJ Sikafu,DJ Sikafu,13518,amapiano; british; seen live,amapiano,ok
DJ Silaya,DJ Silaya,30081,british; afro house; south african,afro house,ok
DJ Sinoji,DJ Sinoji,94726,afro house; south african; seen live,afro house,ok
DJ Siyane,DJ Siyane,385786,south african; uk drill; seen live,uk drill,ok
DJ Taba,DJ Taba,1098223,male vocalists; deep house; british,house,ok
DJ Tabone,DJ Tabone,315178,pop; male vocalists; nigerian,pop,ok
DJ Taku,DJ Taku,625347,nigerian; drill; seen live,uk drill,ok
DJ Taya,DJ Taya,478947,gqom; nigerian; female vocalists,gqom,ok
DJ Tayabo,DJ Tayabo,999439,rnb; british; nigerian,r&b,ok
DJ Tazobo,DJ Tazobo,48869,r&b; nigerian; female vocalists,r&b,ok
DJ Tide,DJ Tide,610425,seen live; pop; british,pop,ok
DJ Tikalu,DJ Tikalu,42998,nigerian; 2-step; male vocalists,uk garage,ok
DJ Tilula,DJ Tilula,1092186,rnb; male vocalists; nigerian,r&b,ok
DJ Timi,DJ Timi,133220,drill; nigerian; seen live,uk drill,ok
DJ Tineze,DJ Tineze,19416,afro house; nigerian; seen live,afro house,ok
DJ Tino,DJ Tino,328473,british; afrobeat; south african,afrobeats,ok
DJ Tirine,DJ Tirine,242603,afrobeats; male vocalists; south african,afrobeats,ok
DJ Tiveka,DJ Tiveka,57809,alte; female vocalists; nigerian,alte,ok
DJ Tizemo,DJ Tizemo,22901,british; gqom; seen live,gqom,ok
DJ Vebo,DJ Vebo,206932,drill; british; south african,uk drill,ok
DJ Vesaka,DJ Vesaka,43519,uk funky; seen live; female vocalists,uk funky,ok
DJ Vezeba,DJ Vezeba,19216,alte; british; south african,alte,ok
DJ Yaba,DJ Yaba,10108,amapiano; british; nigerian,amapiano,ok
DJ Yatisi,DJ Yatisi,96535,afro house; british; nigerian,afro house,ok
DJ Yave,,,,,not_found
DJ Zede,DJ Zede,1233639,drill; seen live; british,uk drill,ok
DJ Zela,DJ Zela,747032,drill; female vocalists; nigerian,uk drill,ok
DJ Zevesi,DJ Zevesi,66013,afrobeats; female vocalists; male vocalists,afrobeats,ok
DJ Zode,DJ Zode,46683,house; male vocalists; south african,house,ok
DJ Zoka,DJ Zoka,340088,rnb; nigerian; seen live,r&b,ok
Deba,Deba,22002,nigerian; amapiano; seen live,amapiano,ok
Deba Collective,Deba Collective,537053,drill; female vocalists; nigerian,uk drill,ok
Dede Sound,Dede Sound,86513,gqom; british; female vocalists,gqom,ok
Dela,Dela,1371273,2-step; male vocalists; seen live,uk garage,ok
Delu Taku,Delu Taku,117317,nigerian; gqom; female vocalists,gqom,ok
Dena,Dena,135155,house; south african; seen live,house,ok
Deno,Deno,2089414,nigerian; afrobeat; seen live,afrobeats,ok
Deno Kuka,Deno Kuka,355421,nigerian; rap; british,hip-hop,ok
Desa & The Hours,Desa & The Hours,85802,uk funky; south african; seen live,uk funky,ok
Detata,Detata,346554,afrobeat; south african; british,afrobeats,ok
Deyano & The Hours,Deyano & The Hours,507172,amapiano; british; south african,amapiano,ok
Fude,Fude,1805199,british; hip-hop; male vocalists,hip-hop,ok
Fude Neka,Fude Neka,11823,afrohouse; nigerian; seen live,afro house,ok
Fuka Bala,Fuka Bala,93495,uk funky; female vocalists; british,uk funky,ok
Fuku,Fuku,86594,afro house; female vocalists; south african,afro house,ok
Fukuku Neta,Fukuku Neta,712954,drill; male vocalists; seen live,uk drill,ok
Fuluna Yati,Fuluna Yati,37180,gqom; male vocalists; female vocalists,gqom,ok
Fumosa Mota,Fumosa Mota,149103,nigerian; afrobeats; female vocalists,afrobeats,ok
Fumoti,Fumoti,219387,south african; hip-hop; female vocalists,hip-hop,ok
Funa,,,,,not_found
Funelu,Funelu,11513,male vocalists; amapiano; nigerian,amapiano,ok
Fusaze,Fusaze,121888,uk funky; nigerian; british,uk funky,ok
Futi Collective,Futi Collective,2739687,r&b; nigerian; female vocalists,r&b,ok
Futimo,Futimo,4680557,rnb; female vocalists; british,r&b,ok
Fuya Riya,Fuya Riya,154347,alte; south african; seen live,alte,ok
Fuzoji Collective,Fuzoji Collective,55143,nigerian; alte; male vocalists,alte,ok
Jijino Zoya,Jijino Zoya,932469,drill; male vocalists; nigerian,uk drill,ok
Jikabo Kana,Jikabo Kana,83854,uk funky; seen live; male vocalists,uk funky,ok
Jilu Laku,Jilu Laku,103124,afrobeat; female vocalists; seen live,afrobeats,ok
Jilumo Side,Jilumo Side,54262,afrohouse; nigerian; male vocalists,afro house,ok
Jino Collective,Jino Collective,14487,female vocalists; uk funky; seen live,uk funky,ok
Jinolu,Jinolu,667406,r&b; south african; female vocalists,r&b,ok
Jiri,Jiri,191055,british; afrohouse; seen live,afro house,ok
Jiro Twins,Jiro Twins,642712,deep house; nigerian; british,house,ok
Jisa,Jisa,183939,uk funky; british; south african,uk funky,ok
Jisa Deri,Jisa Deri,43417,gqom; british; south african,gqom,ok
Jiyalu Twins,Jiyalu Twins,88540,uk garage; south african; nigerian,uk garage,ok
Kaba Kala,Kaba Kala,842352,r&b; south african; british,r&b,ok
Kabazo Lave,Kabazo Lave,98223,2-step; south african; british,uk garage,ok
Kabozo Nano,Kabozo Nano,223301,alte; british; female vocalists,alte,ok
Kadebo Noti,Kadebo Noti,58108,afro house; male vocalists; seen live,afro house,ok
Kafu Zena,Kafu Zena,265726,male vocalists; alte; nigerian,alte,ok
Kafuji,Kafuji,1421171,uk drill; british; south african,uk drill,ok
Kafuka,Kafuka,590881,pop; nigerian; female vocalists,pop,ok
Kaji Yaze,Kaji Yaze,231117,deep house; male vocalists; nigerian,house,ok
Kaka,Kaka,185716,rap; nigerian; male vocalists,hip-hop,ok
Kakasa Laya,Kakasa Laya,368090,uk drill; male vocalists; female vocalists,uk drill,ok
Kakaze & The Hours,Kakaze & The Hours,39809,uk funky; south african; nigerian,uk funky,ok
Kaku Laro,Kaku Laro,271084,gqom; nigerian; male vocalists,gqom,ok
Kaluji,Kaluji,474256,afrobeats; female vocalists; male vocalists,afrobeats,ok
Kalula Nede,Kalula Nede,481686,hip-hop; nigerian; male vocalists,hip-hop,ok
Kami,Kami,62110,amapiano; nigerian; female vocalists,amapiano,ok
Kano Zeba,Kano Zeba,38530,uk drill; female vocalists; male vocalists,uk drill,ok
Karo Baya,Karo Baya,1692882,uk drill; british; seen live,uk drill,ok
Karori Kaku,Karori Kaku,44784,afrohouse; female vocalists; male vocalists,afro house,ok
Kasaro Zeku,Kasaro Zeku,84688,afrobeat; male vocalists; south african,afrobeats,ok
Kataro Taze,Kataro Taze,1240463,male vocalists; pop; british,pop,ok
Kave,Kave,56434,hip-hop; nigerian; seen live,hip-hop,ok
Kaze Lade,Kaze Lade,2004394,afropop; seen live; south african,afrobeats,ok
Kazeka,Kazeka,314335,afrobeat; nigerian; seen live,afrobeats,ok
Kudeve,Kudeve,767559,pop; seen live; male vocalists,pop,ok
Kufu,Kufu,93718,afro house; female vocalists; british,afro house,ok
Kufuya Tiku,Kufuya Tiku,15002,2-step; male vocalists; seen live,uk garage,ok
Kuka,Kuka,1065036,afrobeat; nigerian; british,afrobeats,ok
Kula,Kula,24525,rap; south african; nigerian,hip-hop,ok
Kuna Sive,Kuna Sive,614146,r&b; male vocalists; seen live,r&b,ok
Kune Yamo,Kune Yamo,184325,alte; seen live; south african,alte,ok
Kunela,Kunela,684285,house; male vocalists; south african,house,ok
Kuroba Tana,Kuroba Tana,1875378,pop; seen live; south african,pop,ok
Kusano Bade,Kusano Bade,22103,afro house; male vocalists; seen live,afro house,ok
Kutati,Kutati,3998331,hip-hop; female vocalists; male vocalists,hip-hop,ok
Kuyaze Twins,Kuyaze Twins,795680,uk drill; female vocalists; british,uk drill,ok
Kuzeya Nemi,Kuzeya Nemi,444745,deep house; female vocalists; nigerian,house,ok
Kuzo,Kuzo,5839882,r&b; male vocalists; south african,r&b,ok
Lafufu,Lafufu,89751,deep house; female vocalists; british,house,ok
Lajiri Zeri,Lajiri Zeri,156707,british; deep house; south african,house,ok
Lakaji Sound,Lakaji Sound,61898,gqom; nigerian; female vocalists,gqom,ok
Lakaka Bobo,Lakaka Bobo,1678775,rap; male vocalists; seen live,hip-hop,ok
Lalati Zeti,Lalati Zeti,238067,male vocalists; alte; female vocalists,alte,ok
Lamila,Lamila,182052,male vocalists; uk funky; british,uk funky,ok
Lamo Boya,Lamo Boya,1582400,uk garage; female vocalists; male vocalists,uk garage,ok
Lasa,Lasa,137681,rnb; male vocalists; nigerian,r&b,ok
Lasami Twins,Lasami Twins,248463,rnb; male vocalists; south african,r&b,ok
Lasiji Siya,Lasiji Siya,531623,rnb; female vocalists; south african,r&b,ok
Lasiro,Lasiro,802878,drill; british; south african,uk drill,ok
Lataro Nata,Lataro Nata,81698,r&b; nigerian; female vocalists,r&b,ok
Latisa Defu,Latisa Defu,300931,british; pop; male vocalists,pop,ok
Laveya,Laveya,281158,rap; nigerian; british,hip-hop,ok
Laze,Laze,787839,uk garage; male vocalists; female vocalists,uk garage,ok
Lazo,Lazo,94693,alte; seen live; male vocalists,alte,ok
Lazo Lano,Lazo Lano,1991362,drill; female vocalists; british,uk drill,ok
Lazosa Sound,Lazosa Sound,32375,gqom; male vocalists; nigerian,gqom,ok
Lubami Nasa,Lubami Nasa,285778,house; seen live; south african,house,ok
Lufu Twins,Lufu Twins,51419,uk funky; british; seen live,uk funky,ok
Luji,Luji,1480871,r&b; nigerian; south african,r&b,ok
Luji & The Hours,Luji & The Hours,61708,gqom; british; nigerian,gqom,ok
Lujino Talu,Lujino Talu,9441,alte; female vocalists; nigerian,alte,ok
Luka,Luka,22146,british; alte; female vocalists,alte,ok
Luku Fusa,Luku Fusa,106987,seen live; gqom; british,gqom,ok
Lukula & The Hours,Lukula & The Hours,16068,afrohouse; seen live; male vocalists,afro house,ok
Lula & The Hours,Lula & The Hours,100189,alte; seen live; male vocalists,alte,ok
Lula Yaji,Lula Yaji,25415,gqom; south african; seen live,gqom,ok
Lula Yaya,Lula Yaya,8678,uk funky; british; female vocalists,uk funky,ok
Luna,Luna,212437,uk drill; female vocalists; south african,uk drill,ok
Lunaya,Lunaya,35342,uk funky; seen live; nigerian,uk funky,ok
Lune,Lune,67193,uk funky; female vocalists; nigerian,uk funky,ok
Lune Sound,Lune Sound,3091890,nigerian; hip-hop; british,hip-hop,ok
Luno,Luno,945381,alte; female vocalists; male vocalists,alte,ok
Luri Noya,Luri Noya,1092457,deep house; british; male vocalists,house,ok
Lusa,,,,,not_found
Lusibo,Lusibo,120635,amapiano; south african; nigerian,amapiano,ok
Luta,Luta,93589,alte; female vocalists; seen live,alte,ok
Luve,Luve,861482,uk drill; british; seen live,uk drill,ok
Luya,Luya,2302092,hip-hop; male vocalists; female vocalists,hip-hop,ok
Miba,Miba,168438,rnb; female vocalists; british,r&b,ok
Mibaka,Mibaka,262226,rap; british; seen live,hip-hop,ok
Mibosi,Mibosi,274816,male vocalists; pop; female vocalists,pop,ok
Mideno Sound,Mideno Sound,35365,amapiano; british; male vocalists,amapiano,ok
Mifuro,Mifuro,68794,amapiano; seen live; male vocalists,amapiano,ok
Miji Jiku,Miji Jiku,75647,gqom; british; seen live,gqom,ok
Miku,Miku,151774,british; hip-hop; nigerian,hip-hop,ok
Milu,Milu,35295,uk funky; seen live; nigerian,uk funky,ok
Milu & The Hours,Milu & The Hours,37017,alte; female vocalists; south african,alte,ok
Mimino Zoro,Mimino Zoro,126930,south african; deep house; british,house,ok
Mimiri,Mimiri,79597,afro house; seen live; british,afro house,ok
Mimori Sound,Mimori Sound,1724748,r&b; seen live; male vocalists,r&b,ok
Minabo,Minabo,659634,2-step; south african; seen live,uk garage,ok
Mineta,Mineta,6341,amapiano; british; male vocalists,amapiano,ok
Mino,Mino,2828798,female vocalists; uk garage; seen live,uk garage,ok
Minola Sound,Minola Sound,525620,nigerian; hip-hop; male vocalists,hip-hop,ok
Mirilu,Mirilu,359244,female vocalists; r&b; male vocalists,r&b,ok
Mirode Nove,Mirode Nove,966573,r&b; nigerian; seen live,r&b,ok
Mirove,Mirove,337148,drill; british; male vocalists,uk drill,ok
Mize & The Hours,Mize & The Hours,468739,seen live; uk garage; south african,uk garage,ok
Mizo Veta,Mizo Veta,677451,alte; south african; british,alte,ok
Mizozo Twins,Mizozo Twins,158717,south african; gqom; male vocalists,gqom,ok
Mobola,Mobola,7339,seen live; amapiano; british,amapiano,ok
Mode Collective,Mode Collective,8956,afrohouse; south african; nigerian,afro house,ok
Modeku,Modeku,909198,gqom; south african; nigerian,gqom,ok
Modeta,Modeta,233020,uk funky; nigerian; male vocalists,uk funky,ok
Modezo,Modezo,140343,uk funky; female vocalists; british,uk funky,ok
Moji Sound,Moji Sound,1172354,british; uk garage; seen live,uk garage,ok
Mojine,Mojine,135173,british; uk funky; female vocalists,uk funky,ok
Mokane Dela,Mokane Dela,205527,pop; british; south african,pop,ok
Momolu,Momolu,2010006,deep house; female vocalists; male vocalists,house,ok
Monala,Monala,54615,male vocalists; uk funky; female vocalists,uk funky,ok
Monero Lusi,Monero Lusi,555003,female vocalists; pop; seen live,pop,ok
Mori,Mori,92431,british; 2-step; south african,uk garage,ok
Morota,Morota,1266515,uk drill; seen live; male vocalists,uk drill,ok
Mosiji,Mosiji,92208,pop; british; nigerian,pop,ok
Mosiri,Mosiri,25630,british; afrohouse; male vocalists,afro house,ok
Mota,Mota,39334,amapiano; seen live; male vocalists,amapiano,ok
Motiba,Motiba,133390,pop; british; south african,pop,ok
Move,Move,1501832,south african; afrobeats; seen live,afrobeats,ok
Naba,Naba,27635,male vocalists; uk funky; british,uk funky,ok
Naba Sina,Naba Sina,101205,alte; female vocalists; british,alte,ok
Nadelu,Nadelu,33320,british; amapiano; male vocalists,amapiano,ok
Nafu Rori,Nafu Rori,345682,pop; seen live; south african,pop,ok
Najibo Twins,Najibo Twins,759544,afrobeats; south african; female vocalists,afrobeats,ok
Najina,Najina,56519,gqom; south african; seen live,gqom,ok
Naku Zoba,,,,,not_found
Nami,Nami,19937,alte; british; seen live,alte,ok
Nanefu,Nanefu,1967481,male vocalists; hip-hop; british,hip-hop,ok
Nasabo,Nasabo,649169,uk drill; south african; british,uk drill,ok
Nasino,Nasino,38428,uk funky; british; south african,uk funky,ok
Nata,Nata,63538,gqom; british; south african,gqom,ok
Nave Sound,Nave Sound,462445,hip-hop; british; nigerian,hip-hop,ok
Navezo,Navezo,584441,pop; nigerian; british,pop,ok
Naze,Naze,104373,amapiano; south african; nigerian,amapiano,ok
Nazoze Twins,Nazoze Twins,123352,gqom; seen live; male vocalists,gqom,ok
Nebo Romi,Nebo Romi,4196394,rap; south african; british,hip-hop,ok
Nefu Bane,Nefu Bane,19910,uk funky; male vocalists; british,uk funky,ok
Nejiro Lata,Nejiro Lata,141489,uk funky; female vocalists; south african,uk funky,ok
Nekuna Sound,Nekuna Sound,1273,afro house; male vocalists; seen live,afro house,ok
Nemi,Nemi,212033,rap; female vocalists; male vocalists,hip-hop,ok
Nemo Collective,Nemo Collective,52858,rnb; british; nigerian,r&b,ok
Nenane,Nenane,36644,gqom; south african; seen live,gqom,ok
Nero Sala,Nero Sala,172009,british; rap; female vocalists,hip-hop,ok
Neromo Kuro,Neromo Kuro,779561,gqom; british; south african,gqom,ok
Nesari,Nesari,47636,seen live; house; male vocalists,house,ok
Neti & The Hours,Neti & The Hours,166561,female vocalists; pop; male vocalists,pop,ok
Neti Mizo,Neti Mizo,115924,rnb; nigerian; male vocalists,r&b,ok
Nezo,Nezo,271076,afrobeat; nigerian; british,afrobeats,ok
Nobabo,Nobabo,785247,pop; seen live; british,pop,ok
Nobobo Jimi,Nobobo Jimi,438664,pop; female vocalists; seen live,pop,ok
Nobosa,Nobosa,22862,alte; british; seen live,alte,ok
Nobota & The Hours,Nobota & The Hours,536960,hip-hop; seen live; nigerian,hip-hop,ok
Nojiro Dene,Nojiro Dene,633658,hip-hop; south african; male vocalists,hip-hop,ok
Nokami,Nokami,525407,gqom; seen live; female vocalists,gqom,ok
Nokumi,Nokumi,243092,afrohouse; nigerian; female vocalists,afro house,ok
Nolu,Nolu,1488968,british; house; south african,house,ok
Nomina Safu,Nomina Safu,100852,rap; seen live; british,hip-hop,ok
Nonano Mode,Nonano Mode,157187,amapiano; nigerian; male vocalists,amapiano,ok
Nonone,Nonone,483793,uk garage; british; male vocalists,uk garage,ok
Noro,Noro,406887,uk drill; male vocalists; female vocalists,uk drill,ok
Noro Twins,Noro Twins,907022,female vocalists; drill; british,uk drill,ok
Nosa Tita,Nosa Tita,285476,afropop; british; seen live,afrobeats,ok
Nosa Zeku,Nosa Zeku,106852,alte; british; male vocalists,alte,ok
Nosi,Nosi,15237,afro house; female vocalists; british,afro house,ok
Nota,Nota,122517,female vocalists; alte; south african,alte,ok
Notano Kuri,Notano Kuri,214880,hip-hop; seen live; nigerian,hip-hop,ok
Noveku Jita,Noveku Jita,254863,alte; female vocalists; nigerian,alte,ok
Noyabo,Noyabo,640021,drill; male vocalists; seen live,uk drill,ok
Noze Laka,Noze Laka,5271978,nigerian; deep house; british,house,ok
Rilane,Rilane,228045,rap; male vocalists; nigerian,hip-hop,ok
Rilu Kari,Rilu Kari,560719,2-step; nigerian; female vocalists,uk garage,ok
Rimo,Rimo,330154,alte; nigerian; south african,alte,ok
Rimoze,Rimoze,103175,2-step; nigerian; female vocalists,uk garage,ok
Rina Sound,Rina Sound,35513,female vocalists; alte; south african,alte,ok
Rinala,Rinala,234447,r&b; male vocalists; british,r&b,ok
Rineti,Rineti,160247,afrohouse; seen live; british,afro house,ok
Rinoba & The Hours,Rinoba & The Hours,1931588,afrobeats; south african; british,afrobeats,ok
Risa & The Hours,Risa & The Hours,67527,gqom; female vocalists; british,gqom,ok
Risiku Collective,,,,,not_found
Riti Collective,Riti Collective,761362,nigerian; hip-hop; south african,hip-hop,ok
Riveri,Riveri,1709669,seen live; rap; british,hip-hop,ok
Riya,Riya,290636,afrobeats; seen live; male vocalists,afrobeats,ok
Rizede,Rizede,1659443,female vocalists; afrobeats; british,afrobeats,ok
Robana,Robana,25675,2-step; female vocalists; male vocalists,uk garage,ok
Robo,Robo,2844802,pop; female vocalists; seen live,pop,ok
Robomi,Robomi,341074,deep house; south african; seen live,house,ok
Rofu,Rofu,109427,male vocalists; uk funky; female vocalists,uk funky,ok
Rofufu,Rofufu,592538,rap; male vocalists; female vocalists,hip-hop,ok
Roji Nena,Roji Nena,13894,female vocalists; amapiano; south african,amapiano,ok
Roka,Roka,1438060,pop; nigerian; british,pop,ok
Roku,Roku,4334839,female vocalists; rnb; nigerian,r&b,ok
Rokulu,Rokulu,1251436,deep house; british; male vocalists,house,ok
Rolala Sound,Rolala Sound,13274,gqom; south african; nigerian,gqom,ok
Rolari,Rolari,14199,uk funky; nigerian; female vocalists,uk funky,ok
Rolu,Rolu,241949,house; male vocalists; female vocalists,house,ok
Romimi,Romimi,923962,male vocalists; r&b; female vocalists,r&b,ok
Rona,Rona,229840,alte; british; nigerian,alte,ok
Ronero Dena,Ronero Dena,2502380,hip-hop; female vocalists; seen live,hip-hop,ok
Rono Kata,Rono Kata,130426,rnb; nigerian; female vocalists,r&b,ok
Rori,Rori,32937,nigerian; amapiano; female vocalists,amapiano,ok
Roriro Nabo,Roriro Nabo,50200,gqom; british; female vocalists,gqom,ok
Roro,Roro,129723,afro house; nigerian; south african,afro house,ok
Roro Nabo,Roro Nabo,1741719,rnb; female vocalists; seen live,r&b,ok
Roroze,Roroze,22723,drill; nigerian; male vocalists,uk drill,ok
Rosa Collective,Rosa Collective,52848,british; 2-step; south african,uk garage,ok
Rosari Ride,Rosari Ride,47673,seen live; amapiano; female vocalists,amapiano,ok
Rosi Tano,Rosi Tano,537416,deep house; seen live; british,house,ok
Rota Nena,Rota Nena,210844,south african; hip-hop; nigerian,hip-hop,ok
Roti Collective,Roti Collective,753987,rnb; female vocalists; south african,r&b,ok
Rove,,,,,not_found
Rovela Taji,Rovela Taji,22146,male vocalists; alte; nigerian,alte,ok
Rovezo,Rovezo,10471,gqom; nigerian; female vocalists,gqom,ok
Roya Kata,Roya Kata,332632,deep house; british; seen live,house,ok
Rozeba Sound,Rozeba Sound,259441,2-step; female vocalists; nigerian,uk garage,ok
Rozemi Twins,Rozemi Twins,1916666,nigerian; afrobeats; male vocalists,afrobeats,ok
Sabona,Sabona,4659412,nigerian; rap; female vocalists,hip-hop,ok
Sade,Sade,116043,nigerian; pop; female vocalists,pop,ok
Safu Miya,Safu Miya,5949040,drill; female vocalists; seen live,uk drill,ok
Saji & The Hours,Saji & The Hours,155925,south african; amapiano; seen live,amapiano,ok
Sakasa Jiro,Sakasa Jiro,175985,amapiano; male vocalists; seen live,amapiano,ok
Saluku & The Hours,Saluku & The Hours,124887,gqom; male vocalists; nigerian,gqom,ok
Samive & The Hours,Samive & The Hours,8444,gqom; female vocalists; british,gqom,ok
Sanafu,Sanafu,2986280,rap; seen live; nigerian,hip-hop,ok
Sanane Collective,Sanane Collective,179134,pop; female vocalists; male vocalists,pop,ok
Sari,Sari,3450647,british; rnb; seen live,r&b,ok
Sarone,Sarone,1548911,rap; male vocalists; south african,hip-hop,ok
Sasiro Side,Sasiro Side,1630604,afropop; female vocalists; british,afrobeats,ok
Sata Deta,Sata Deta,128734,hip-hop; seen live; female vocalists,hip-hop,ok
Save Twins,Save Twins,29961,alte; south african; british,alte,ok
Sazoti,Sazoti,863671,uk garage; female vocalists; british,uk garage,ok
Siba Nero,Siba Nero,111243,uk drill; nigerian; british,uk drill,ok
Siboze,Siboze,53325,afrohouse; south african; nigerian,afro house,ok
Side,Side,69726,amapiano; male vocalists; south african,amapiano,ok
Sidesi Luno,Sidesi Luno,762864,drill; nigerian; south african,uk drill,ok
Sidezo,Sidezo,933156,seen live; amapiano; british,amapiano,ok
Sifu,Sifu,3655,uk funky; male vocalists; south african,uk funky,ok
Sijisi Rono,Sijisi Rono,55548,nigerian; uk funky; male vocalists,uk funky,ok
Sika Tiba,Sika Tiba,14457,gqom; female vocalists; british,gqom,ok
Sikuri Sound,Sikuri Sound,114469,house; nigerian; british,house,ok
Silula,Silula,36922,afro house; seen live; male vocalists,afro house,ok
Simi,Simi,505907,male vocalists; pop; south african,pop,ok
Simiti Sazo,Simiti Sazo,114603,alte; nigerian; male vocalists,alte,ok
Simo Twins,Simo Twins,766208,south african; pop; female vocalists,pop,ok
Sinove Bata,Sinove Bata,1429221,seen live; house; male vocalists,house,ok
Sirine,Sirine,1142632,alte; nigerian; south african,alte,ok
Siromi,Siromi,20136,alte; nigerian; male vocalists,alte,ok
Sita,Sita,7622,afro house; female vocalists; seen live,afro house,ok
Sivede Riti,Sivede Riti,49249,2-step; south african; nigerian,uk garage,ok
Sivene Collective,Sivene Collective,128745,afrobeat; female vocalists; british,afrobeats,ok
Size,Size,124801,uk funky; south african; male vocalists,uk funky,ok
Size Collective,Size Collective,130837,pop; seen live; south african,pop,ok
Taba,Taba,64313,pop; female vocalists; south african,pop,ok
Tabata,Tabata,306653,male vocalists; deep house; seen live,house,ok
Tabo Twins,Tabo Twins,3743839,afrobeat; british; south african,afrobeats,ok
Tabofu,Tabofu,771049,pop; female vocalists; male vocalists,pop,ok
Tade,Tade,156010,gqom; south african; male vocalists,gqom,ok
Tafuri,Tafuri,3419145,deep house; nigerian; south african,house,ok
Taka,Taka,423778,female vocalists; r&b; south african,r&b,ok
Tala,Tala,8932,south african; gqom; female vocalists,gqom,ok
Tamo,Tamo,100641,alte; british; seen live,alte,ok
Tanone Kufu,Tanone Kufu,2365991,drill; nigerian; seen live,uk drill,ok
Tasa,Tasa,1370183,drill; seen live; nigerian,uk drill,ok
Tasa Simi,Tasa Simi,358831,amapiano; nigerian; seen live,amapiano,ok
Tasazo Jino,Tasazo Jino,385140,british; rap; seen live,hip-hop,ok
Tatina Neka,Tatina Neka,39429,pop; female vocalists; south african,pop,ok
Taya Zelu,Taya Zelu,266991,uk funky; male vocalists; nigerian,uk funky,ok
Tazesi,Tazesi,1071446,female vocalists; afrobeats; nigerian,afrobeats,ok
Tazove Collective,Tazove Collective,227784,female vocalists; uk funky; south african,uk funky,ok
Tifu Collective,Tifu Collective,443793,r&b; seen live; south african,r&b,ok
Tifune Lata,Tifune Lata,1790690,afrobeats; seen live; female vocalists,afrobeats,ok
Tijilu Naku,Tijilu Naku,20887,uk funky; south african; male vocalists,uk funky,ok
Tika,Tika,1186663,male vocalists; 2-step; female vocalists,uk garage,ok
Tila,Tila,20920,amapiano; south african; british,amapiano,ok
Timiba Nena,Timiba Nena,816454,afrobeat; british; nigerian,afrobeats,ok
Timo,Timo,70825,afrohouse; british; seen live,afro house,ok
Tinane,Tinane,135299,r&b; female vocalists; seen live,r&b,ok
Tine Collective,Tine Collective,673397,2-step; male vocalists; nigerian,uk garage,ok
Tino,Tino,366403,uk garage; seen live; british,uk garage,ok
Tinoze,Tinoze,16561,alte; nigerian; male vocalists,alte,ok
Tiri,Tiri,415792,r&b; nigerian; british,r&b,ok
Tirimi,Tirimi,116320,seen live; alte; south african,alte,ok
Tirobo,Tirobo,35346,gqom; nigerian; seen live,gqom,ok
Tisa,Tisa,495938,afropop; british; female vocalists,afrobeats,ok
Tita,Tita,477361,r&b; south african; seen live,r&b,ok
Tive,Tive,966502,male vocalists; deep house; nigerian,house,ok
Tizemi,Tizemi,45983,uk garage; seen live; british,uk garage,ok
Vede,,,,,not_found
Vedelu Kufu,Vedelu Kufu,11779,hip-hop; male vocalists; british,hip-hop,ok
Vefuri Boba,,,,,not_found
Veka Lazo,Veka Lazo,429222,amapiano; nigerian; male vocalists,amapiano,ok
Veku Fusi,Veku Fusi,37980,amapiano; nigerian; female vocalists,amapiano,ok
Vela Rika,Vela Rika,73157,gqom; female vocalists; south african,gqom,ok
Velane,Velane,19308,amapiano; female vocalists; nigerian,amapiano,ok
Velusi,Velusi,47656,hip-hop; south african; female vocalists,hip-hop,ok
Vemo Bari,Vemo Bari,15863,british; uk garage; nigerian,uk garage,ok
Vene,Vene,767854,deep house; male vocalists; seen live,house,ok
Veri Collective,Veri Collective,183703,nigerian; uk funky; british,uk funky,ok
Verika Nazo,Verika Nazo,135257,amapiano; male vocalists; south african,amapiano,ok
Veriti,Veriti,500325,pop; british; male vocalists,pop,ok
Vesa Twins,Vesa Twins,229908,nigerian; pop; male vocalists,pop,ok
Vesabo,Vesabo,649593,south african; house; male vocalists,house,ok
Vesiti Rilu,Vesiti Rilu,425947,nigerian; house; male vocalists,house,ok
Vetasa Boka,Vetasa Boka,1171299,uk drill; south african; male vocalists,uk drill,ok
Veti,Veti,6768499,afrobeat; nigerian; female vocalists,afrobeats,ok
Veve,Veve,828651,pop; female vocalists; british,pop,ok
Yafune,Yafune,1092540,drill; nigerian; british,uk drill,ok
Yaka,Yaka,153397,rap; nigerian; seen live,hip-hop,ok
Yaku Vede,Yaku Vede,310072,rap; female vocalists; nigerian,hip-hop,ok
Yakuka,Yakuka,203891,amapiano; male vocalists; female vocalists,amapiano,ok
Yala,Yala,31100,amapiano; seen live; male vocalists,amapiano,ok
Yalafu,Yalafu,981821,uk garage; nigerian; british,uk garage,ok
Yalu,Yalu,5646,amapiano; nigerian; female vocalists,amapiano,ok
Yalu Sound,Yalu Sound,197393,pop; seen live; nigerian,pop,ok
Yami Kaku,Yami Kaku,17208,afro house; nigerian; seen live,afro house,ok
Yamize Collective,Yamize Collective,114882,uk funky; male vocalists; female vocalists,uk funky,ok
Yamo Jiji,Yamo Jiji,126950,gqom; british; nigerian,gqom,ok
Yamo Twins,Yamo Twins,305705,afrobeats; male vocalists; seen live,afrobeats,ok
Yamofu Jilu,Yamofu Jilu,17911,afropop; south african; nigerian,afrobeats,ok
Yanaku & The Hours,Yanaku & The Hours,159928,deep house; nigerian; south african,house,ok
Yane,Yane,11245,afrohouse; male vocalists; seen live,afro house,ok
Yano,Yano,18809,nigerian; amapiano; south african,amapiano,ok
Yano Deta,Yano Deta,546969,house; british; nigerian,house,ok
Yano Sound,Yano Sound,69897,drill; nigerian; south african,uk drill,ok
Yano Yaya,Yano Yaya,6484819,uk garage; male vocalists; nigerian,uk garage,ok
Yariba,Yariba,85660,south african; amapiano; female vocalists,amapiano,ok
Yariya & The Hours,Yariya & The Hours,19526,female vocalists; afrohouse; male vocalists,afro house,ok
Yaroji Tano,Yaroji Tano,80286,uk funky; nigerian; male vocalists,uk funky,ok
Yarozo Twins,Yarozo Twins,5102842,pop; female vocalists; south african,pop,ok
Yasi Vena,Yasi Vena,17997,afrohouse; british; male vocalists,afro house,ok
Yata Nede,Yata Nede,468931,seen live; afrobeat; male vocalists,afrobeats,ok
Yataji & The Hours,Yataji & The Hours,872868,pop; female vocalists; british,pop,ok
Yatize Zena,Yatize Zena,322661,pop; seen live; south african,pop,ok
Yaya Kufu,Yaya Kufu,371218,nigerian; deep house; south african,house,ok
Zeba None,Zeba None,102910,alte; nigerian; female vocalists,alte,ok
Zebaya,Zebaya,823,nigerian; amapiano; british,amapiano,ok
Zefuka Veri,Zefuka Veri,39723,gqom; seen live; south african,gqom,ok
Zefumi Twins,Zefumi Twins,84436,pop; female vocalists; male vocalists,pop,ok
Zeji,Zeji,269931,afrohouse; nigerian; seen live,afro house,ok
Zeka Kuya,,,,,not_found
Zelu Luze,Zelu Luze,5730,uk funky; british; south african,uk funky,ok
Zeluna,Zeluna,99670,pop; female vocalists; nigerian,pop,ok
Zemi,Zemi,228724,nigerian; drill; female vocalists,uk drill,ok
Zemita,Zemita,888407,amapiano; british; south african,amapiano,ok
Zemo Kaji,Zemo Kaji,242616,uk funky; south african; male vocalists,uk funky,ok
Zene,Zene,47591,alte; male vocalists; south african,alte,ok
Zenelu Zoji,Zenelu Zoji,20598,uk funky; female vocalists; south african,uk funky,ok
Zenemi Twins,Zenemi Twins,86939,afro house; nigerian; british,afro house,ok
Zeri & The Hours,Zeri & The Hours,128228,gqom; nigerian; seen live,gqom,ok
Zero,Zero,556853,seen live; gqom; british,gqom,ok
Zetaba,Zetaba,2019448,afrobeat; seen live; british,afrobeats,ok
Zeze,Zeze,199532,seen live; uk funky; south african,uk funky,ok
Zezeta,Zezeta,1908094,uk garage; south african; nigerian,uk garage,ok
Zezo Fumo,Zezo Fumo,416453,pop; seen live; female vocalists,pop,ok
Zezo Tami,Zezo Tami,46020,uk drill; nigerian; british,uk drill,ok
Zobazo & The Hours,Zobazo & The Hours,54977,british; uk garage; female vocalists,uk garage,ok
Zoderi Twins,Zoderi Twins,21764,afro house; south african; seen live,afro house,ok
Zoji,Zoji,62093,uk funky; male vocalists; nigerian,uk funky,ok
Zolu Noya,Zolu Noya,24699347,drill; nigerian; seen live,uk drill,ok
Zoneka,Zoneka,10859,alte; nigerian; seen live,alte,ok
Zono,Zono,4500103,rap; south african; female vocalists,hip-hop,ok
Zoro Kuka,Zoro Kuka,242054,afrobeats; male vocalists; british,afrobeats,ok
Zosana,Zosana,113470,seen live; uk funky; south african,uk funky,ok
Zosi,Zosi,191689,gqom; female vocalists; british,gqom,ok
Zotati,Zotati,173571,nigerian; amapiano; british,amapiano,ok
Zotila,Zotila,1494941,female vocalists; rnb; seen live,r&b,ok
Zoyami,Zoyami,335049,house; british; south african,house,ok
Zoze Zono,Zoze Zono,446955,uk garage; nigerian; female vocalists,uk garage,ok
Zozove Kusi,Zozove Kusi,283640,nigerian; house; british,house,ok
