artist_name,group,genre,lastfm_rank_in_group,plays_by_your_friends,lastfm_listeners,spotify_monthly_listeners,notes
Tyla,African,amapiano,top,1489,1596051,25200000,
Amaarae,African,afrobeats,top,7870,1065039,4700000,
Rema,African,afrobeats,top,16717,1021481,28000000,
Burna Boy,African,afrobeats,top,7029,853034,46400000,
Tems,African,afrobeats,top,7247,800341,34800000,
Phyno,African,afrobeats,middle,274,27044,1700000,
Cheque,African,afrobeats,middle,491,26483,786600,
The Cavemen.,African,highlife,middle,2355,26220,424600,
Mavo,African,afrobeats,middle,6332,25224,3800000,
WurlD,African,afrobeats,middle,256,23855,1100000,
Son of Ika,African,afrobeats,bottom,230,1079,51400,
Zilla Oaks,African,hip-hop,bottom,210,906,3101,
Bankyondbeatz,African,afrobeats,bottom,224,795,3956,
Cali-Ber Tha Grime,African,alte´,bottom,587,195,158,
B4M,African,afrobeats,bottom,251,135,554,
Coldplay,Western,rock,top,1153,9303634,94900000,
Rihanna,Western,pop,top,5105,8521647,116700000,
Radiohead,Western,rock,top,2211,8454008,47200000,
Kanye West,Western,hip-hop,top,19316,8138676,71100000,
Eminem,Western,hip-hop,top,2265,7955849,74100000,
The Sundays,Western,indie,middle,566,1449247,4000000,
Dave,Western,hip-hop,middle,5273,1448358,30700000,
JID,Western,hip-hop,middle,1140,1440713,16300000,
Jay Rock,Western,hip-hop,middle,2213,1439737,4500000,
Chance the Rapper,Western,hip-hop,middle,5227,1435382,8400000,
Paxslim,Western,hip-hop,bottom,426,12782,54500,
WANI,Western,rock,bottom,244,12638,93800,
MAUIMØON,Western,r&b,bottom,1936,10883,105700,
7th Obi,Western,hip-hop,bottom,564,3484,1822,
Mo' Hits All Stars,African,hip-hop,bottom,208,2094,121300,Nigerian (Mo' Hits Records): moved to African