listener	size_tier	liked	lost	lost_stuck	lost_new_song	back	back_stuck	back_new_song	trigger_lost	trigger_lost_new_song	eligible_months
L01	small	157	127	6	2	30	1	1	46	1	56.9
L01	mid	186	159	4	1	27	5	1	116	1	56.9
L01	big	292	254	20	11	38	9	5	210	10	56.9
L02	small	464	392	33	14	72	22	12	140	4	56.8
L02	mid	298	237	24	12	61	16	13	174	11	56.8
L02	big	460	361	50	32	99	40	23	275	23	56.8
L03	small	1298	1111	47	29	187	23	11	313	13	56.7
L03	mid	557	467	58	49	90	9	5	385	43	56.7
L03	big	536	465	51	34	71	20	15	409	32	56.7
L04	small	228	152	6	3	76	13	7	30	1	41.5
L04	mid	116	78	9	7	38	16	10	56	6	41.5
L04	big	211	136	33	11	75	40	22	110	9	41.5
L05	small	7785	5913	519	239	1872	698	222	1358	91	56.8
L05	mid	2173	1580	267	161	593	281	145	1143	118	56.8
L05	big	1682	1204	217	148	478	199	114	1007	109	56.8
L06	small	109	76	6	4	33	10	4	22	2	56.7
L06	mid	52	34	4	1	18	1	0	20	0	56.7
L06	big	151	108	13	11	43	13	10	80	6	56.7
L07	small	60	54	2	1	6	1	0	20	0	47.6
L07	mid	64	53	4	1	11	1	0	36	1	47.6
L07	big	117	88	12	4	29	7	0	81	4	47.6
L08	small	2281	1950	90	40	331	62	22	512	15	56.8
L08	mid	1032	843	75	40	189	48	21	636	35	56.8
L08	big	914	716	101	53	198	89	60	617	43	56.8
L09	small	72	65	2	1	7	2	0	21	1	56.9
L09	mid	69	64	2	0	5	1	0	38	0	56.9
L09	big	142	129	8	5	13	2	1	96	5	56.9
L10	small	430	333	14	5	97	31	7	92	3	56.8
L10	mid	276	225	19	7	51	19	7	150	3	56.8
L10	big	215	163	26	13	52	31	14	139	11	56.8
