listener	size_tier	lb_first	lb_first_skipped	chosen_first	lb_disc	lb_stuck	liked	liked_back	liked_back_clicked	liked_back_lean_back
L01	small	279	118	168	271	9	161	44	2	19
L01	mid	308	122	112	305	16	186	43	3	27
L01	big	500	208	175	498	44	292	66	3	30
L02	small	602	100	365	555	66	489	102	10	71
L02	mid	393	70	155	366	53	311	96	14	63
L02	big	621	136	422	591	109	473	130	12	85
L03	small	1429	58	251	1350	72	1331	222	15	204
L03	mid	597	26	76	581	69	564	108	4	101
L03	big	574	27	132	562	76	541	91	12	78
L04	small	441	204	200	426	35	231	101	8	50
L04	mid	172	54	75	170	34	116	49	1	30
L04	big	325	111	166	322	81	212	103	8	63
L05	small	8268	127	495	7904	1230	7992	2173	43	2099
L05	mid	2260	35	182	2205	555	2213	697	22	662
L05	big	1740	44	223	1725	425	1692	560	21	533
L06	small	167	17	78	123	17	144	46	1	37
L06	mid	71	10	17	61	8	60	23	1	16
L06	big	219	36	64	180	26	168	61	5	48
L07	small	116	55	188	114	3	60	7	1	2
L07	mid	127	55	205	115	5	64	13	2	7
L07	big	260	139	717	247	31	118	37	1	16
L08	small	2744	341	658	2612	180	2351	424	49	297
L08	mid	1208	147	263	1177	142	1052	236	25	168
L08	big	1150	202	333	1116	222	948	263	22	168
L09	small	139	56	320	125	6	81	7	3	2
L09	mid	115	37	203	101	3	76	8	2	3
L09	big	264	100	442	225	15	153	21	1	12
L10	small	539	85	358	511	48	448	119	8	72
L10	mid	316	35	197	309	43	281	77	6	49
L10	big	271	52	207	267	62	218	71	5	49
